Epoch,Time (s),Memory Usage (MB)
1,724.8127105236053,-529.23828125
2,681.8674900531769,1.2890625
3,683.0204696655273,1.546875
4,684.3788702487946,3.28125
5,686.0003035068512,2.0625
